question,url
"What should I do if my personal details during registration don't match the original application form, and how can discrepancies be resolved before proceeding?",https://nitw.ac.in/cdis/assets/images/docs/Admission_Steps_ERP.pdf
"Are there specific guidelines for document uploads (e.g., file formats like PDF/JPG, size limits, attestation requirements) that aren't mentioned in the SMILE instructions?",https://nitw.ac.in/cdis/assets/images/docs/Admission_Steps_ERP.pdf
"Can I apply to multiple programs (e.g., both MBA and M.Tech) through the same portal account, or does each require a separate registration?",https://nitw.ac.in/cdis/assets/images/docs/Admission_Steps_ERP.pdf
What happens if I freeze my application but later need to update documents or personal information—how many edits are permitted post-freeze?,https://nitw.ac.in/cdis/assets/images/docs/Admission_Steps_ERP.pdf
"Is hostel fee payment on the SMILE portal mandatory for all candidates, or only for those opting for on-campus accommodation, and what are the deadlines for each?",https://nitw.ac.in/cdis/assets/images/docs/Admission_Steps_ERP.pdf
"What should I do if my personal details during registration don't match the original application form, and how can discrepancies be resolved before proceeding?",https://nitw.ac.in/cdis/assets/images/docs/Admission_Steps_ERP.pdf
"Are there specific guidelines for document uploads (e.g., file formats like PDF/JPG, size limits, attestation requirements) that aren't mentioned in the SMILE instructions?",https://nitw.ac.in/cdis/assets/images/docs/Admission_Steps_ERP.pdf
"Can I apply to multiple programs (e.g., both MBA and M.Tech) through the same portal account, or does each require a separate registration?",https://nitw.ac.in/cdis/assets/images/docs/Admission_Steps_ERP.pdf
What happens if I freeze my application but later need to update documents or personal information—how many edits are permitted post-freeze?,https://nitw.ac.in/cdis/assets/images/docs/Admission_Steps_ERP.pdf
"Is hostel fee payment on the SMILE portal mandatory for all candidates, or only for those opting for on-campus accommodation, and what are the deadlines for each?",https://nitw.ac.in/cdis/assets/images/docs/Admission_Steps_ERP.pdf
questions,https://nitw.ac.in/api/static/files/Scheme_of_Compassionate_Appointments_2025-5-21-18-16-10.pdf
url,https://nitw.ac.in/api/static/files/Scheme_of_Compassionate_Appointments_2025-5-21-18-16-10.pdf
What specific selection criteria were applied to select participants for the AIoT internship program?,https://nitw.ac.in/api/static/files/img00548_2025-5-5-9-15-13.pdf
How does NIT Warangal plan to ensure hands-on AIoT application experiences during this 30-day internship period?,https://nitw.ac.in/api/static/files/img00548_2025-5-5-9-15-13.pdf
Are there opportunities for participants to publish research outcomes or present findings at a college-level symposium after completing this training?,https://nitw.ac.in/api/static/files/img00548_2025-5-5-9-15-13.pdf
"What post-internship support mechanisms (alumni networks, project continuance, etc.) are available for participants?",https://nitw.ac.in/api/static/files/img00548_2025-5-5-9-15-13.pdf
"Given the rapid evolution of AIoT technologies, how is the CTL ensuring that the curriculum reflects the latest industry standards and emerging applications in 2025?",https://nitw.ac.in/api/static/files/img00548_2025-5-5-9-15-13.pdf
What specific documentation is required to apply for the revised tuition fee remission under the 2025-26 guidelines?,https://nitw.ac.in/api/static/files/Fee_Remission_Revised_Guidlines_for_UG_students_2025-2026_2025-3-25-17-22-26.pdf
Are students receiving fee remission still eligible for additional scholarships or grants from NIT Warangal?,https://nitw.ac.in/api/static/files/Fee_Remission_Revised_Guidlines_for_UG_students_2025-2026_2025-3-25-17-22-26.pdf
How will the revised fee structure impact students already granted partial remission under previous guidelines?,https://nitw.ac.in/api/static/files/Fee_Remission_Revised_Guidlines_for_UG_students_2025-2026_2025-3-25-17-22-26.pdf
Is there a provision to reassess fee remission eligibility mid-academic year if family financial circumstances change suddenly?,https://nitw.ac.in/api/static/files/Fee_Remission_Revised_Guidlines_for_UG_students_2025-2026_2025-3-25-17-22-26.pdf
"What priority systems exist for fee remission among overlapping categories (e.g., SC/ST vs economically weaker) as per the 2025-26 norms?",https://nitw.ac.in/api/static/files/Fee_Remission_Revised_Guidlines_for_UG_students_2025-2026_2025-3-25-17-22-26.pdf
"What should I do if my personal details during registration don't match the original application form, and how can discrepancies be resolved before proceeding?",https://nitw.ac.in/cdis/assets/images/docs/Admission_Steps_ERP.pdf
"Are there specific guidelines for document uploads (e.g., file formats like PDF/JPG, size limits, attestation requirements) that aren't mentioned in the SMILE instructions?",https://nitw.ac.in/cdis/assets/images/docs/Admission_Steps_ERP.pdf
"Can I apply to multiple programs (e.g., both MBA and M.Tech) through the same portal account, or does each require a separate registration?",https://nitw.ac.in/cdis/assets/images/docs/Admission_Steps_ERP.pdf
What happens if I freeze my application but later need to update documents or personal information—how many edits are permitted post-freeze?,https://nitw.ac.in/cdis/assets/images/docs/Admission_Steps_ERP.pdf
"Is hostel fee payment on the SMILE portal mandatory for all candidates, or only for those opting for on-campus accommodation, and what are the deadlines for each?",https://nitw.ac.in/cdis/assets/images/docs/Admission_Steps_ERP.pdf
questions,https://nitw.ac.in/api/static/files/Scheme_of_Compassionate_Appointments_2025-5-21-18-16-10.pdf
url,https://nitw.ac.in/api/static/files/Scheme_of_Compassionate_Appointments_2025-5-21-18-16-10.pdf
What specific selection criteria were applied to select participants for the AIoT internship program?,https://nitw.ac.in/api/static/files/img00548_2025-5-5-9-15-13.pdf
How does NIT Warangal plan to ensure hands-on AIoT application experiences during this 30-day internship period?,https://nitw.ac.in/api/static/files/img00548_2025-5-5-9-15-13.pdf
Are there opportunities for participants to publish research outcomes or present findings at a college-level symposium after completing this training?,https://nitw.ac.in/api/static/files/img00548_2025-5-5-9-15-13.pdf
"What post-internship support mechanisms (alumni networks, project continuance, etc.) are available for participants?",https://nitw.ac.in/api/static/files/img00548_2025-5-5-9-15-13.pdf
"Given the rapid evolution of AIoT technologies, how is the CTL ensuring that the curriculum reflects the latest industry standards and emerging applications in 2025?",https://nitw.ac.in/api/static/files/img00548_2025-5-5-9-15-13.pdf
What specific documentation is required to apply for the revised tuition fee remission under the 2025-26 guidelines?,https://nitw.ac.in/api/static/files/Fee_Remission_Revised_Guidlines_for_UG_students_2025-2026_2025-3-25-17-22-26.pdf
Are students receiving fee remission still eligible for additional scholarships or grants from NIT Warangal?,https://nitw.ac.in/api/static/files/Fee_Remission_Revised_Guidlines_for_UG_students_2025-2026_2025-3-25-17-22-26.pdf
How will the revised fee structure impact students already granted partial remission under previous guidelines?,https://nitw.ac.in/api/static/files/Fee_Remission_Revised_Guidlines_for_UG_students_2025-2026_2025-3-25-17-22-26.pdf
Is there a provision to reassess fee remission eligibility mid-academic year if family financial circumstances change suddenly?,https://nitw.ac.in/api/static/files/Fee_Remission_Revised_Guidlines_for_UG_students_2025-2026_2025-3-25-17-22-26.pdf
"What priority systems exist for fee remission among overlapping categories (e.g., SC/ST vs economically weaker) as per the 2025-26 norms?",https://nitw.ac.in/api/static/files/Fee_Remission_Revised_Guidlines_for_UG_students_2025-2026_2025-3-25-17-22-26.pdf
"What should I do if my personal details during registration don't match the original application form, and how can discrepancies be resolved before proceeding?",https://nitw.ac.in/cdis/assets/images/docs/Admission_Steps_ERP.pdf
"Are there specific guidelines for document uploads (e.g., file formats like PDF/JPG, size limits, attestation requirements) that aren't mentioned in the SMILE instructions?",https://nitw.ac.in/cdis/assets/images/docs/Admission_Steps_ERP.pdf
"Can I apply to multiple programs (e.g., both MBA and M.Tech) through the same portal account, or does each require a separate registration?",https://nitw.ac.in/cdis/assets/images/docs/Admission_Steps_ERP.pdf
What happens if I freeze my application but later need to update documents or personal information—how many edits are permitted post-freeze?,https://nitw.ac.in/cdis/assets/images/docs/Admission_Steps_ERP.pdf
"Is hostel fee payment on the SMILE portal mandatory for all candidates, or only for those opting for on-campus accommodation, and what are the deadlines for each?",https://nitw.ac.in/cdis/assets/images/docs/Admission_Steps_ERP.pdf
questions,https://nitw.ac.in/api/static/files/Scheme_of_Compassionate_Appointments_2025-5-21-18-16-10.pdf
url,https://nitw.ac.in/api/static/files/Scheme_of_Compassionate_Appointments_2025-5-21-18-16-10.pdf
What specific selection criteria were applied to select participants for the AIoT internship program?,https://nitw.ac.in/api/static/files/img00548_2025-5-5-9-15-13.pdf
How does NIT Warangal plan to ensure hands-on AIoT application experiences during this 30-day internship period?,https://nitw.ac.in/api/static/files/img00548_2025-5-5-9-15-13.pdf
Are there opportunities for participants to publish research outcomes or present findings at a college-level symposium after completing this training?,https://nitw.ac.in/api/static/files/img00548_2025-5-5-9-15-13.pdf
"What post-internship support mechanisms (alumni networks, project continuance, etc.) are available for participants?",https://nitw.ac.in/api/static/files/img00548_2025-5-5-9-15-13.pdf
"Given the rapid evolution of AIoT technologies, how is the CTL ensuring that the curriculum reflects the latest industry standards and emerging applications in 2025?",https://nitw.ac.in/api/static/files/img00548_2025-5-5-9-15-13.pdf
What specific documentation is required to apply for the revised tuition fee remission under the 2025-26 guidelines?,https://nitw.ac.in/api/static/files/Fee_Remission_Revised_Guidlines_for_UG_students_2025-2026_2025-3-25-17-22-26.pdf
Are students receiving fee remission still eligible for additional scholarships or grants from NIT Warangal?,https://nitw.ac.in/api/static/files/Fee_Remission_Revised_Guidlines_for_UG_students_2025-2026_2025-3-25-17-22-26.pdf
How will the revised fee structure impact students already granted partial remission under previous guidelines?,https://nitw.ac.in/api/static/files/Fee_Remission_Revised_Guidlines_for_UG_students_2025-2026_2025-3-25-17-22-26.pdf
Is there a provision to reassess fee remission eligibility mid-academic year if family financial circumstances change suddenly?,https://nitw.ac.in/api/static/files/Fee_Remission_Revised_Guidlines_for_UG_students_2025-2026_2025-3-25-17-22-26.pdf
"What priority systems exist for fee remission among overlapping categories (e.g., SC/ST vs economically weaker) as per the 2025-26 norms?",https://nitw.ac.in/api/static/files/Fee_Remission_Revised_Guidlines_for_UG_students_2025-2026_2025-3-25-17-22-26.pdf
"What should I do if my personal details during registration don't match the original application form, and how can discrepancies be resolved before proceeding?",https://nitw.ac.in/cdis/assets/images/docs/Admission_Steps_ERP.pdf
"Are there specific guidelines for document uploads (e.g., file formats like PDF/JPG, size limits, attestation requirements) that aren't mentioned in the SMILE instructions?",https://nitw.ac.in/cdis/assets/images/docs/Admission_Steps_ERP.pdf
"Can I apply to multiple programs (e.g., both MBA and M.Tech) through the same portal account, or does each require a separate registration?",https://nitw.ac.in/cdis/assets/images/docs/Admission_Steps_ERP.pdf
What happens if I freeze my application but later need to update documents or personal information—how many edits are permitted post-freeze?,https://nitw.ac.in/cdis/assets/images/docs/Admission_Steps_ERP.pdf
"Is hostel fee payment on the SMILE portal mandatory for all candidates, or only for those opting for on-campus accommodation, and what are the deadlines for each?",https://nitw.ac.in/cdis/assets/images/docs/Admission_Steps_ERP.pdf
questions,https://nitw.ac.in/api/static/files/Scheme_of_Compassionate_Appointments_2025-5-21-18-16-10.pdf
url,https://nitw.ac.in/api/static/files/Scheme_of_Compassionate_Appointments_2025-5-21-18-16-10.pdf
What specific selection criteria were applied to select participants for the AIoT internship program?,https://nitw.ac.in/api/static/files/img00548_2025-5-5-9-15-13.pdf
How does NIT Warangal plan to ensure hands-on AIoT application experiences during this 30-day internship period?,https://nitw.ac.in/api/static/files/img00548_2025-5-5-9-15-13.pdf
Are there opportunities for participants to publish research outcomes or present findings at a college-level symposium after completing this training?,https://nitw.ac.in/api/static/files/img00548_2025-5-5-9-15-13.pdf
"What post-internship support mechanisms (alumni networks, project continuance, etc.) are available for participants?",https://nitw.ac.in/api/static/files/img00548_2025-5-5-9-15-13.pdf
"Given the rapid evolution of AIoT technologies, how is the CTL ensuring that the curriculum reflects the latest industry standards and emerging applications in 2025?",https://nitw.ac.in/api/static/files/img00548_2025-5-5-9-15-13.pdf
What specific documentation is required to apply for the revised tuition fee remission under the 2025-26 guidelines?,https://nitw.ac.in/api/static/files/Fee_Remission_Revised_Guidlines_for_UG_students_2025-2026_2025-3-25-17-22-26.pdf
Are students receiving fee remission still eligible for additional scholarships or grants from NIT Warangal?,https://nitw.ac.in/api/static/files/Fee_Remission_Revised_Guidlines_for_UG_students_2025-2026_2025-3-25-17-22-26.pdf
How will the revised fee structure impact students already granted partial remission under previous guidelines?,https://nitw.ac.in/api/static/files/Fee_Remission_Revised_Guidlines_for_UG_students_2025-2026_2025-3-25-17-22-26.pdf
Is there a provision to reassess fee remission eligibility mid-academic year if family financial circumstances change suddenly?,https://nitw.ac.in/api/static/files/Fee_Remission_Revised_Guidlines_for_UG_students_2025-2026_2025-3-25-17-22-26.pdf
"What priority systems exist for fee remission among overlapping categories (e.g., SC/ST vs economically weaker) as per the 2025-26 norms?",https://nitw.ac.in/api/static/files/Fee_Remission_Revised_Guidlines_for_UG_students_2025-2026_2025-3-25-17-22-26.pdf
"What should I do if my personal details during registration don't match the original application form, and how can discrepancies be resolved before proceeding?",https://nitw.ac.in/cdis/assets/images/docs/Admission_Steps_ERP.pdf
"Are there specific guidelines for document uploads (e.g., file formats like PDF/JPG, size limits, attestation requirements) that aren't mentioned in the SMILE instructions?",https://nitw.ac.in/cdis/assets/images/docs/Admission_Steps_ERP.pdf
"Can I apply to multiple programs (e.g., both MBA and M.Tech) through the same portal account, or does each require a separate registration?",https://nitw.ac.in/cdis/assets/images/docs/Admission_Steps_ERP.pdf
What happens if I freeze my application but later need to update documents or personal information—how many edits are permitted post-freeze?,https://nitw.ac.in/cdis/assets/images/docs/Admission_Steps_ERP.pdf
"Is hostel fee payment on the SMILE portal mandatory for all candidates, or only for those opting for on-campus accommodation, and what are the deadlines for each?",https://nitw.ac.in/cdis/assets/images/docs/Admission_Steps_ERP.pdf
questions,https://nitw.ac.in/api/static/files/Scheme_of_Compassionate_Appointments_2025-5-21-18-16-10.pdf
url,https://nitw.ac.in/api/static/files/Scheme_of_Compassionate_Appointments_2025-5-21-18-16-10.pdf
What specific selection criteria were applied to select participants for the AIoT internship program?,https://nitw.ac.in/api/static/files/img00548_2025-5-5-9-15-13.pdf
How does NIT Warangal plan to ensure hands-on AIoT application experiences during this 30-day internship period?,https://nitw.ac.in/api/static/files/img00548_2025-5-5-9-15-13.pdf
Are there opportunities for participants to publish research outcomes or present findings at a college-level symposium after completing this training?,https://nitw.ac.in/api/static/files/img00548_2025-5-5-9-15-13.pdf
"What post-internship support mechanisms (alumni networks, project continuance, etc.) are available for participants?",https://nitw.ac.in/api/static/files/img00548_2025-5-5-9-15-13.pdf
"Given the rapid evolution of AIoT technologies, how is the CTL ensuring that the curriculum reflects the latest industry standards and emerging applications in 2025?",https://nitw.ac.in/api/static/files/img00548_2025-5-5-9-15-13.pdf
What specific documentation is required to apply for the revised tuition fee remission under the 2025-26 guidelines?,https://nitw.ac.in/api/static/files/Fee_Remission_Revised_Guidlines_for_UG_students_2025-2026_2025-3-25-17-22-26.pdf
Are students receiving fee remission still eligible for additional scholarships or grants from NIT Warangal?,https://nitw.ac.in/api/static/files/Fee_Remission_Revised_Guidlines_for_UG_students_2025-2026_2025-3-25-17-22-26.pdf
How will the revised fee structure impact students already granted partial remission under previous guidelines?,https://nitw.ac.in/api/static/files/Fee_Remission_Revised_Guidlines_for_UG_students_2025-2026_2025-3-25-17-22-26.pdf
Is there a provision to reassess fee remission eligibility mid-academic year if family financial circumstances change suddenly?,https://nitw.ac.in/api/static/files/Fee_Remission_Revised_Guidlines_for_UG_students_2025-2026_2025-3-25-17-22-26.pdf
"What priority systems exist for fee remission among overlapping categories (e.g., SC/ST vs economically weaker) as per the 2025-26 norms?",https://nitw.ac.in/api/static/files/Fee_Remission_Revised_Guidlines_for_UG_students_2025-2026_2025-3-25-17-22-26.pdf
"What should I do if my personal details during registration don't match the original application form, and how can discrepancies be resolved before proceeding?",https://nitw.ac.in/cdis/assets/images/docs/Admission_Steps_ERP.pdf
"Are there specific guidelines for document uploads (e.g., file formats like PDF/JPG, size limits, attestation requirements) that aren't mentioned in the SMILE instructions?",https://nitw.ac.in/cdis/assets/images/docs/Admission_Steps_ERP.pdf
"Can I apply to multiple programs (e.g., both MBA and M.Tech) through the same portal account, or does each require a separate registration?",https://nitw.ac.in/cdis/assets/images/docs/Admission_Steps_ERP.pdf
What happens if I freeze my application but later need to update documents or personal information—how many edits are permitted post-freeze?,https://nitw.ac.in/cdis/assets/images/docs/Admission_Steps_ERP.pdf
"Is hostel fee payment on the SMILE portal mandatory for all candidates, or only for those opting for on-campus accommodation, and what are the deadlines for each?",https://nitw.ac.in/cdis/assets/images/docs/Admission_Steps_ERP.pdf
questions,https://nitw.ac.in/api/static/files/Scheme_of_Compassionate_Appointments_2025-5-21-18-16-10.pdf
url,https://nitw.ac.in/api/static/files/Scheme_of_Compassionate_Appointments_2025-5-21-18-16-10.pdf
What specific selection criteria were applied to select participants for the AIoT internship program?,https://nitw.ac.in/api/static/files/img00548_2025-5-5-9-15-13.pdf
How does NIT Warangal plan to ensure hands-on AIoT application experiences during this 30-day internship period?,https://nitw.ac.in/api/static/files/img00548_2025-5-5-9-15-13.pdf
Are there opportunities for participants to publish research outcomes or present findings at a college-level symposium after completing this training?,https://nitw.ac.in/api/static/files/img00548_2025-5-5-9-15-13.pdf
"What post-internship support mechanisms (alumni networks, project continuance, etc.) are available for participants?",https://nitw.ac.in/api/static/files/img00548_2025-5-5-9-15-13.pdf
"Given the rapid evolution of AIoT technologies, how is the CTL ensuring that the curriculum reflects the latest industry standards and emerging applications in 2025?",https://nitw.ac.in/api/static/files/img00548_2025-5-5-9-15-13.pdf
What specific documentation is required to apply for the revised tuition fee remission under the 2025-26 guidelines?,https://nitw.ac.in/api/static/files/Fee_Remission_Revised_Guidlines_for_UG_students_2025-2026_2025-3-25-17-22-26.pdf
Are students receiving fee remission still eligible for additional scholarships or grants from NIT Warangal?,https://nitw.ac.in/api/static/files/Fee_Remission_Revised_Guidlines_for_UG_students_2025-2026_2025-3-25-17-22-26.pdf
How will the revised fee structure impact students already granted partial remission under previous guidelines?,https://nitw.ac.in/api/static/files/Fee_Remission_Revised_Guidlines_for_UG_students_2025-2026_2025-3-25-17-22-26.pdf
Is there a provision to reassess fee remission eligibility mid-academic year if family financial circumstances change suddenly?,https://nitw.ac.in/api/static/files/Fee_Remission_Revised_Guidlines_for_UG_students_2025-2026_2025-3-25-17-22-26.pdf
"What priority systems exist for fee remission among overlapping categories (e.g., SC/ST vs economically weaker) as per the 2025-26 norms?",https://nitw.ac.in/api/static/files/Fee_Remission_Revised_Guidlines_for_UG_students_2025-2026_2025-3-25-17-22-26.pdf
questions,https://nitw.ac.in/api/static/files/adv_05_adm_2025-2-21-9-51-47.pdf
url,https://nitw.ac.in/api/static/files/adv_05_adm_2025-2-21-9-51-47.pdf
"For the Superintendent post, how should a candidate strategically prepare for the 60-question Domain Knowledge section, which includes complex topics like CCS (Leave) Rules, GFR-2017, and RTI Act, while also balancing the 40-question General Syllabus covering GK, Quantitative Aptitude, and Computer Fundamentals?",https://nitw.ac.in/api/static/files/Examination_Syllabus_2025-1-21-11-55-4.pdf
"Why does the tie-breaking methodology for posts like Junior Assistant prioritize Quantitative Aptitude over General Knowledge, and how can candidates optimize their preparation to capitalize on this hierarchy during merit resolution?",https://nitw.ac.in/api/static/files/Examination_Syllabus_2025-1-21-11-55-4.pdf
"The Junior Engineer syllabus is based on the GATE Pattern. Which core GATE subjects (e.g., Engineering Mathematics, Electronics for EC branch) and question formats (e.g., numerical vs. conceptual) are most critical for this recruitment exam, and how does it differ from a typical GATE preparation strategy?",https://nitw.ac.in/api/static/files/Examination_Syllabus_2025-1-21-11-55-4.pdf
"The Library & Information Assistant Domain Knowledge includes advanced topics like FRBR, BibFrame, and Digital Preservation. What combination of standard LIS textbooks, NIT-specific resources, and practical case studies would best prepare a candidate for the descriptive and skill-based components of this exam?",https://nitw.ac.in/api/static/files/Examination_Syllabus_2025-1-21-11-55-4.pdf
"For posts requiring Stage-III typing tests (e.g., 35 WPM in English) and Computer Proficiency Tests, how can candidates demonstrate both speed accuracy and hands-on expertise in software tools like MS Office or Open Source alternatives during the evaluation?",https://nitw.ac.in/api/static/files/Examination_Syllabus_2025-1-21-11-55-4.pdf
"What should I do if my personal details during registration don't match the original application form, and how can discrepancies be resolved before proceeding?",https://nitw.ac.in/cdis/assets/images/docs/Admission_Steps_ERP.pdf
"Are there specific guidelines for document uploads (e.g., file formats like PDF/JPG, size limits, attestation requirements) that aren't mentioned in the SMILE instructions?",https://nitw.ac.in/cdis/assets/images/docs/Admission_Steps_ERP.pdf
"Can I apply to multiple programs (e.g., both MBA and M.Tech) through the same portal account, or does each require a separate registration?",https://nitw.ac.in/cdis/assets/images/docs/Admission_Steps_ERP.pdf
What happens if I freeze my application but later need to update documents or personal information—how many edits are permitted post-freeze?,https://nitw.ac.in/cdis/assets/images/docs/Admission_Steps_ERP.pdf
"Is hostel fee payment on the SMILE portal mandatory for all candidates, or only for those opting for on-campus accommodation, and what are the deadlines for each?",https://nitw.ac.in/cdis/assets/images/docs/Admission_Steps_ERP.pdf
questions,https://nitw.ac.in/api/static/files/Scheme_of_Compassionate_Appointments_2025-5-21-18-16-10.pdf
url,https://nitw.ac.in/api/static/files/Scheme_of_Compassionate_Appointments_2025-5-21-18-16-10.pdf
What specific selection criteria were applied to select participants for the AIoT internship program?,https://nitw.ac.in/api/static/files/img00548_2025-5-5-9-15-13.pdf
How does NIT Warangal plan to ensure hands-on AIoT application experiences during this 30-day internship period?,https://nitw.ac.in/api/static/files/img00548_2025-5-5-9-15-13.pdf
Are there opportunities for participants to publish research outcomes or present findings at a college-level symposium after completing this training?,https://nitw.ac.in/api/static/files/img00548_2025-5-5-9-15-13.pdf
"What post-internship support mechanisms (alumni networks, project continuance, etc.) are available for participants?",https://nitw.ac.in/api/static/files/img00548_2025-5-5-9-15-13.pdf
"Given the rapid evolution of AIoT technologies, how is the CTL ensuring that the curriculum reflects the latest industry standards and emerging applications in 2025?",https://nitw.ac.in/api/static/files/img00548_2025-5-5-9-15-13.pdf
What specific documentation is required to apply for the revised tuition fee remission under the 2025-26 guidelines?,https://nitw.ac.in/api/static/files/Fee_Remission_Revised_Guidlines_for_UG_students_2025-2026_2025-3-25-17-22-26.pdf
Are students receiving fee remission still eligible for additional scholarships or grants from NIT Warangal?,https://nitw.ac.in/api/static/files/Fee_Remission_Revised_Guidlines_for_UG_students_2025-2026_2025-3-25-17-22-26.pdf
How will the revised fee structure impact students already granted partial remission under previous guidelines?,https://nitw.ac.in/api/static/files/Fee_Remission_Revised_Guidlines_for_UG_students_2025-2026_2025-3-25-17-22-26.pdf
Is there a provision to reassess fee remission eligibility mid-academic year if family financial circumstances change suddenly?,https://nitw.ac.in/api/static/files/Fee_Remission_Revised_Guidlines_for_UG_students_2025-2026_2025-3-25-17-22-26.pdf
"What priority systems exist for fee remission among overlapping categories (e.g., SC/ST vs economically weaker) as per the 2025-26 norms?",https://nitw.ac.in/api/static/files/Fee_Remission_Revised_Guidlines_for_UG_students_2025-2026_2025-3-25-17-22-26.pdf
questions,https://nitw.ac.in/api/static/files/adv_05_adm_2025-2-21-9-51-47.pdf
url,https://nitw.ac.in/api/static/files/adv_05_adm_2025-2-21-9-51-47.pdf
"For the Superintendent post, how should a candidate strategically prepare for the 60-question Domain Knowledge section, which includes complex topics like CCS (Leave) Rules, GFR-2017, and RTI Act, while also balancing the 40-question General Syllabus covering GK, Quantitative Aptitude, and Computer Fundamentals?",https://nitw.ac.in/api/static/files/Examination_Syllabus_2025-1-21-11-55-4.pdf
"Why does the tie-breaking methodology for posts like Junior Assistant prioritize Quantitative Aptitude over General Knowledge, and how can candidates optimize their preparation to capitalize on this hierarchy during merit resolution?",https://nitw.ac.in/api/static/files/Examination_Syllabus_2025-1-21-11-55-4.pdf
"The Junior Engineer syllabus is based on the GATE Pattern. Which core GATE subjects (e.g., Engineering Mathematics, Electronics for EC branch) and question formats (e.g., numerical vs. conceptual) are most critical for this recruitment exam, and how does it differ from a typical GATE preparation strategy?",https://nitw.ac.in/api/static/files/Examination_Syllabus_2025-1-21-11-55-4.pdf
"The Library & Information Assistant Domain Knowledge includes advanced topics like FRBR, BibFrame, and Digital Preservation. What combination of standard LIS textbooks, NIT-specific resources, and practical case studies would best prepare a candidate for the descriptive and skill-based components of this exam?",https://nitw.ac.in/api/static/files/Examination_Syllabus_2025-1-21-11-55-4.pdf
"For posts requiring Stage-III typing tests (e.g., 35 WPM in English) and Computer Proficiency Tests, how can candidates demonstrate both speed accuracy and hands-on expertise in software tools like MS Office or Open Source alternatives during the evaluation?",https://nitw.ac.in/api/static/files/Examination_Syllabus_2025-1-21-11-55-4.pdf
"What should I do if my personal details during registration don't match the original application form, and how can discrepancies be resolved before proceeding?",https://nitw.ac.in/cdis/assets/images/docs/Admission_Steps_ERP.pdf
"Are there specific guidelines for document uploads (e.g., file formats like PDF/JPG, size limits, attestation requirements) that aren't mentioned in the SMILE instructions?",https://nitw.ac.in/cdis/assets/images/docs/Admission_Steps_ERP.pdf
"Can I apply to multiple programs (e.g., both MBA and M.Tech) through the same portal account, or does each require a separate registration?",https://nitw.ac.in/cdis/assets/images/docs/Admission_Steps_ERP.pdf
What happens if I freeze my application but later need to update documents or personal information—how many edits are permitted post-freeze?,https://nitw.ac.in/cdis/assets/images/docs/Admission_Steps_ERP.pdf
"Is hostel fee payment on the SMILE portal mandatory for all candidates, or only for those opting for on-campus accommodation, and what are the deadlines for each?",https://nitw.ac.in/cdis/assets/images/docs/Admission_Steps_ERP.pdf
"Under what circumstances would the Institute consider an applicant who hasn't met the minimum educational standards, and what exactly constitutes an 'exceptional circumstance' under Section 5 (ii)?",https://nitw.ac.in/api/static/files/Scheme_of_Compassionate_Appointments_2025-5-21-18-16-10.pdf
"What documentation beyond the Affidavit in Section IV is required to verify claims about property value, especially if the dependent has inherited immovable assets?",https://nitw.ac.in/api/static/files/Scheme_of_Compassionate_Appointments_2025-5-21-18-16-10.pdf
"How does the Committee prioritize between two applicants with identical total merit points, particularly when considering factors like liabilities mentioned in Section 4(iii)?",https://nitw.ac.in/api/static/files/Scheme_of_Compassionate_Appointments_2025-5-21-18-16-10.pdf
"For cases covered under Section 2(c) where employees retired medically before 55, how is the 'leftover service' calculated if the employee had incomplete projects or pending leaves?",https://nitw.ac.in/api/static/files/Scheme_of_Compassionate_Appointments_2025-5-21-18-16-10.pdf
"What is the process to contest or provide additional evidence after the 45-day application window if new documentation becomes available, such as updated bank statements or revised pension figures?",https://nitw.ac.in/api/static/files/Scheme_of_Compassionate_Appointments_2025-5-21-18-16-10.pdf
What specific selection criteria were applied to select participants for the AIoT internship program?,https://nitw.ac.in/api/static/files/img00548_2025-5-5-9-15-13.pdf
How does NIT Warangal plan to ensure hands-on AIoT application experiences during this 30-day internship period?,https://nitw.ac.in/api/static/files/img00548_2025-5-5-9-15-13.pdf
Are there opportunities for participants to publish research outcomes or present findings at a college-level symposium after completing this training?,https://nitw.ac.in/api/static/files/img00548_2025-5-5-9-15-13.pdf
"What post-internship support mechanisms (alumni networks, project continuance, etc.) are available for participants?",https://nitw.ac.in/api/static/files/img00548_2025-5-5-9-15-13.pdf
"Given the rapid evolution of AIoT technologies, how is the CTL ensuring that the curriculum reflects the latest industry standards and emerging applications in 2025?",https://nitw.ac.in/api/static/files/img00548_2025-5-5-9-15-13.pdf
What specific documentation is required to apply for the revised tuition fee remission under the 2025-26 guidelines?,https://nitw.ac.in/api/static/files/Fee_Remission_Revised_Guidlines_for_UG_students_2025-2026_2025-3-25-17-22-26.pdf
Are students receiving fee remission still eligible for additional scholarships or grants from NIT Warangal?,https://nitw.ac.in/api/static/files/Fee_Remission_Revised_Guidlines_for_UG_students_2025-2026_2025-3-25-17-22-26.pdf
How will the revised fee structure impact students already granted partial remission under previous guidelines?,https://nitw.ac.in/api/static/files/Fee_Remission_Revised_Guidlines_for_UG_students_2025-2026_2025-3-25-17-22-26.pdf
Is there a provision to reassess fee remission eligibility mid-academic year if family financial circumstances change suddenly?,https://nitw.ac.in/api/static/files/Fee_Remission_Revised_Guidlines_for_UG_students_2025-2026_2025-3-25-17-22-26.pdf
"What priority systems exist for fee remission among overlapping categories (e.g., SC/ST vs economically weaker) as per the 2025-26 norms?",https://nitw.ac.in/api/static/files/Fee_Remission_Revised_Guidlines_for_UG_students_2025-2026_2025-3-25-17-22-26.pdf
"What specific criteria or process determines the equivalency of a B.Sc. (Engineering Mechanical) degree to a B.E./B.Tech. qualification under NITs Non-Teaching Recruitment Rules, 2019?",https://nitw.ac.in/api/static/files/adv_05_adm_2025-2-21-9-51-47.pdf
"How does the Competent Authority verify the authenticity and validity of experience certificates submitted for Group 'B' (Deputation) posts, given the requirement for signed attestation?",https://nitw.ac.in/api/static/files/adv_05_adm_2025-2-21-9-51-47.pdf
"Are there standardized templates or guidelines provided by NIT Warangal to ensure consistency in submitting certificates, NOCs, and original educational documents?",https://nitw.ac.in/api/static/files/adv_05_adm_2025-2-21-9-51-47.pdf
What steps are taken if a provisionally shortlisted candidate fails to submit the required documents or certifications within the stipulated timeline?,https://nitw.ac.in/api/static/files/adv_05_adm_2025-2-21-9-51-47.pdf
Does the recruitment cell conduct any pre-submission evaluation or communication to guide candidates through document verification processes for positions listed in Advt. No. 05/2024?,https://nitw.ac.in/api/static/files/adv_05_adm_2025-2-21-9-51-47.pdf
"For the Superintendent post, how should a candidate strategically prepare for the 60-question Domain Knowledge section, which includes complex topics like CCS (Leave) Rules, GFR-2017, and RTI Act, while also balancing the 40-question General Syllabus covering GK, Quantitative Aptitude, and Computer Fundamentals?",https://nitw.ac.in/api/static/files/Examination_Syllabus_2025-1-21-11-55-4.pdf
"Why does the tie-breaking methodology for posts like Junior Assistant prioritize Quantitative Aptitude over General Knowledge, and how can candidates optimize their preparation to capitalize on this hierarchy during merit resolution?",https://nitw.ac.in/api/static/files/Examination_Syllabus_2025-1-21-11-55-4.pdf
"The Junior Engineer syllabus is based on the GATE Pattern. Which core GATE subjects (e.g., Engineering Mathematics, Electronics for EC branch) and question formats (e.g., numerical vs. conceptual) are most critical for this recruitment exam, and how does it differ from a typical GATE preparation strategy?",https://nitw.ac.in/api/static/files/Examination_Syllabus_2025-1-21-11-55-4.pdf
"The Library & Information Assistant Domain Knowledge includes advanced topics like FRBR, BibFrame, and Digital Preservation. What combination of standard LIS textbooks, NIT-specific resources, and practical case studies would best prepare a candidate for the descriptive and skill-based components of this exam?",https://nitw.ac.in/api/static/files/Examination_Syllabus_2025-1-21-11-55-4.pdf
"For posts requiring Stage-III typing tests (e.g., 35 WPM in English) and Computer Proficiency Tests, how can candidates demonstrate both speed accuracy and hands-on expertise in software tools like MS Office or Open Source alternatives during the evaluation?",https://nitw.ac.in/api/static/files/Examination_Syllabus_2025-1-21-11-55-4.pdf
"What specific eligibility criteria do vendors need to meet beyond paying the registration fee, and how is the diversity of book titles ensured during the event?",https://nitw.ac.in/api/static/files/BF-2025@NITW-nvitation_2024-12-27-11-37-4.pdf
"Are there plans to host interactive sessions, like author meet-and-greets or panel discussions on emerging topics in engineering and social sciences, alongside the book sales?",https://nitw.ac.in/api/static/files/BF-2025@NITW-nvitation_2024-12-27-11-37-4.pdf
"Does the 28% discount apply universally to all books, or are there conditions for faculty/students purchasing technical vs. general-interest books?",https://nitw.ac.in/api/static/files/BF-2025@NITW-nvitation_2024-12-27-11-37-4.pdf
"Can attendees pre-register to secure a spot, especially if the event is expected to be crowded, or is it first-come-first-served?",https://nitw.ac.in/api/static/files/BF-2025@NITW-nvitation_2024-12-27-11-37-4.pdf
"What measures, if any, are in place to ensure accessibility for differently-abled students or to provide guidance on selecting books tailored to their academic needs?",https://nitw.ac.in/api/static/files/BF-2025@NITW-nvitation_2024-12-27-11-37-4.pdf
"What distinguishes the educational qualifications required for the Principal Scientific Officer (Research) from those for the Principal Technical Officer (ICT), and how should candidates align their prior experience with these specific fields?",https://nitw.ac.in/api/static/files/advt5_2024_2024-11-29-15-55-18.pdf
"For the Junior Engineer posts under Deputation (ISTC), does the requirement of '5 years regular service as Junior Engineer' refer to direct recruitment appointments, or can contractual experience be counted toward eligibility?",https://nitw.ac.in/api/static/files/advt5_2024_2024-11-29-15-55-18.pdf
"The advertisement states that the Institute may introduce a 'skill test' prior to interviews for certain posts. Which roles are most likely to require this additional assessment, and what competencies (e.g., software, tool-specific skills) might be evaluated?",https://nitw.ac.in/api/static/files/advt5_2024_2024-11-29-15-55-18.pdf
"For candidates applying under the Ex-Servicemen quota for posts like Office Attendant (C-1), must the service be in the Indian Armed Forces, or does it extend to other government/PSU roles?",https://nitw.ac.in/api/static/files/advt5_2024_2024-11-29-15-55-18.pdf
"The application portal's photo/signature dimensions (e.g., 80x125 pixels) are specified rigorously. What are the exact technical file size limits (KB) and file formats (JPEG?), and does the system automatically reject non-compliant uploads during submission?",https://nitw.ac.in/api/static/files/advt5_2024_2024-11-29-15-55-18.pdf
"According to the instructions, where exactly are the designated registration counters located for students to personally register on 29th November between 9:30 AM and 1:30 PM?",https://nitw.ac.in/api/static/files/Special_Instructions_convocation_2024-11-28-11-34-16.pdf
"Is attendance at the mandatory rehearsal on 29th November at 3:00 PM required for all program types (B.Tech, M.Tech, MSc, etc.), and what disciplinary actions might follow non-compliance?",https://nitw.ac.in/api/static/files/Special_Instructions_convocation_2024-11-28-11-34-16.pdf
"How should students formally request accommodation in Ramappa/Viswesvaraya Halls by 30th November, and what documents or proof of registration are required for approval?",https://nitw.ac.in/api/static/files/Special_Instructions_convocation_2024-11-28-11-34-16.pdf
"Are students permitted to keep cell phones in their bags during the convocation ceremonies, or must they surrender them entirely at the designated counter?",https://nitw.ac.in/api/static/files/Special_Instructions_convocation_2024-11-28-11-34-16.pdf
"After receiving their stoles and degrees at the Alumni Learning Centre, what specific post-ceremony procedures must students follow regarding their exit paths and seat retention?",https://nitw.ac.in/api/static/files/Special_Instructions_convocation_2024-11-28-11-34-16.pdf
What processes or criteria determine the provisional selection of candidates mentioned in the faculty results?,https://nitw.ac.in/api/static/files/faculty_result_2024_2024-11-27-21-18-34.pdf
"Why are certain posts marked as 'NIL' in specific departments, and what implications does this have for current or future faculty recruitment?",https://nitw.ac.in/api/static/files/faculty_result_2024_2024-11-27-21-18-34.pdf
"How does NIT Warangal differentiate between faculty grades (e.g., Level-12 vs. 13A2) in terms of academic expectations or administrative responsibilities?",https://nitw.ac.in/api/static/files/faculty_result_2024_2024-11-27-21-18-34.pdf
What factors led to the distribution of Assistant Professor Grade-II positions across departments like Electrical Engineering (7 posts) and Civil Engineering (4 posts)?,https://nitw.ac.in/api/static/files/faculty_result_2024_2024-11-27-21-18-34.pdf
Is there a structured timeline or evaluation process for converting provisional faculty selections into confirmed appointments?,https://nitw.ac.in/api/static/files/faculty_result_2024_2024-11-27-21-18-34.pdf
What are the payment deadlines and penalties for delayed hostel fee submissions during the 2024-25 even semester?,https://nitw.ac.in/api/static/files/Hostel_Fee_Even_2024-2025_2024-11-27-10-22-37.pdf
"Can you break down the hostel fee structure into its individual components (e.g., accommodation, meals, additional charges) for the 2024-25 even semester?",https://nitw.ac.in/api/static/files/Hostel_Fee_Even_2024-2025_2024-11-27-10-22-37.pdf
"Are there any concessions, scholarships, or fee exemptions available for hostel residents in the 2024-25 academic year, and what criteria must be met?",https://nitw.ac.in/api/static/files/Hostel_Fee_Even_2024-2025_2024-11-27-10-22-37.pdf
What is the refund policy for hostel fees if a student withdraws or leaves the hostel before the completion of the 2024-25 even semester?,https://nitw.ac.in/api/static/files/Hostel_Fee_Even_2024-2025_2024-11-27-10-22-37.pdf
"How does the hostel fee structure for the 2024-25 even semester compare to previous years, and what factors might have influenced these changes?",https://nitw.ac.in/api/static/files/Hostel_Fee_Even_2024-2025_2024-11-27-10-22-37.pdf
What specific documents must Full-time (Self-Finance) candidates upload via SMILE ERP versus submitting physically on December 12th?,https://nitw.ac.in/api/static/files/Instructions_and_Physical_Reporting_Schedule_Ph.D._Admissions_December-2024-v2_2024-11-22-11-4-14.pdf
Can candidates contest or review the cancellation of their provisional admission if documents are found ineligible after physical reporting?,https://nitw.ac.in/api/static/files/Instructions_and_Physical_Reporting_Schedule_Ph.D._Admissions_December-2024-v2_2024-11-22-11-4-14.pdf
"Is the Rs. 50,000 tuition fee for Full-time (Self-Finance) candidates refundable if admission is later revoked for document discrepancies?",https://nitw.ac.in/api/static/files/Instructions_and_Physical_Reporting_Schedule_Ph.D._Admissions_December-2024-v2_2024-11-22-11-4-14.pdf
"What are the penalties for late fee payment beyond November 30, 2024, and how does this differ between Institute Fellowship and Self-Finance categories?",https://nitw.ac.in/api/static/files/Instructions_and_Physical_Reporting_Schedule_Ph.D._Admissions_December-2024-v2_2024-11-22-11-4-14.pdf
"Are there exceptions to the hostel requirement for Institute Fellowship candidates, such as prior hostel release approval from the Academic Section?",https://nitw.ac.in/api/static/files/Instructions_and_Physical_Reporting_Schedule_Ph.D._Admissions_December-2024-v2_2024-11-22-11-4-14.pdf
"What is the deadline for submitting the GATE coaching application form, and does the SC/ST Cell require pre-approval from external colleges for their students to enroll?",https://nitw.ac.in/api/static/files/GATE_Classes_Unter_SC-ST_Cell_2024-11-19-12-17-1.pdf
"Are applicants required to have already submitted their GATE 2025 application form, and how is the application number to be filled in the form obtained?",https://nitw.ac.in/api/static/files/GATE_Classes_Unter_SC-ST_Cell_2024-11-19-12-17-1.pdf
"What specific subjects or exam syllabi (e.g., General Aptitude, Core Engineering topics) will be covered during the 8-week coaching program, and is the curriculum customized for different engineering disciplines?",https://nitw.ac.in/api/static/files/GATE_Classes_Unter_SC-ST_Cell_2024-11-19-12-17-1.pdf
"What types of rewards or incentives (e.g., monetary, certificates, exemptions) are provided to students with 90%-100% attendance and weekly exam toppers, and is the recognition limited to SC/ST category students?",https://nitw.ac.in/api/static/files/GATE_Classes_Unter_SC-ST_Cell_2024-11-19-12-17-1.pdf
"Besides mandatory Saturday classes, are weekend Revision sessions or doubt-clearing classes planned for students from other colleges who may face time conflicts with their host institutions' schedules?",https://nitw.ac.in/api/static/files/GATE_Classes_Unter_SC-ST_Cell_2024-11-19-12-17-1.pdf
"What specific components (e.g., tuition, examination fees) constitute the PhD fee structure for Even Semester 2024-25?","https://nitw.ac.in/api/static/files/PhD_Fee_structure_-_for_December,_2024_session_-_from_II_sem_onwards_2024-11-11-17-17-8.pdf"
Are there distinct payment deadlines or instalment options available for PhD students during the Even Semester 2024-25?,"https://nitw.ac.in/api/static/files/PhD_Fee_structure_-_for_December,_2024_session_-_from_II_sem_onwards_2024-11-11-17-17-8.pdf"
"Do NIT Warangal offer any fee waivers, scholarships, or financial assistance programs specifically for PhD candidates during this semester?","https://nitw.ac.in/api/static/files/PhD_Fee_structure_-_for_December,_2024_session_-_from_II_sem_onwards_2024-11-11-17-17-8.pdf"
What penalties or interest charges apply to late fee payments for the Even Semester 2024-25 PhD candidates?,"https://nitw.ac.in/api/static/files/PhD_Fee_structure_-_for_December,_2024_session_-_from_II_sem_onwards_2024-11-11-17-17-8.pdf"
Is there a difference in fee structure between regular PhD programs and research fellowships sponsored by external agencies during this semester?,"https://nitw.ac.in/api/static/files/PhD_Fee_structure_-_for_December,_2024_session_-_from_II_sem_onwards_2024-11-11-17-17-8.pdf"
"What are the exact academic eligibility criteria for the NITW Endowment Fund-1997 Batch, such as minimum CGPA thresholds or specific semester performance requirements?",https://nitw.ac.in/api/static/files/Notice_of_NITW_Endowment_Fund-1997_Batch_2024-11-12-11-0-47.pdf
How does the evaluation committee validate self-reported financial need documentation to ensure equitable distribution of funds?,https://nitw.ac.in/api/static/files/Notice_of_NITW_Endowment_Fund-1997_Batch_2024-11-12-11-0-47.pdf
"What specific weightage percentages do academic performance, financial need, and the 500-word essay hold in the final decision-making process?",https://nitw.ac.in/api/static/files/Notice_of_NITW_Endowment_Fund-1997_Batch_2024-11-12-11-0-47.pdf
"Can awardees continue receiving the scholarship beyond the four-semester maximum if their CGPA remains above 7.00, or are there other progression criteria?",https://nitw.ac.in/api/static/files/Notice_of_NITW_Endowment_Fund-1997_Batch_2024-11-12-11-0-47.pdf
"What mechanisms are in place by the managing trust to audit and verify that only the interest income is utilized for stipends, with accurate separation from principal funds?",https://nitw.ac.in/api/static/files/Notice_of_NITW_Endowment_Fund-1997_Batch_2024-11-12-11-0-47.pdf
"What are the specific system requirements for JavaScript to access the CoE Winter Internship portal, and how do they vary across Windows/macOS/Linux operating systems?",https://nitw.ac.in/siemens/CourseOverviews/Internship/NITW_CoEDMA_winter%20internship_18thNovember2024.pdf
"If JavaScript remains disabled due to institutional browser restrictions, does CoE provide alternative application submission methods or documentation workarounds?",https://nitw.ac.in/siemens/CourseOverviews/Internship/NITW_CoEDMA_winter%20internship_18thNovember2024.pdf
Are there any student-led initiatives or resource centers at NIT Warangal that can assist with troubleshooting JavaScript-related portal access issues during application hours?,https://nitw.ac.in/siemens/CourseOverviews/Internship/NITW_CoEDMA_winter%20internship_18thNovember2024.pdf
How does enabling JavaScript affect the security of my personal data when submitting documents through the internship portal?,https://nitw.ac.in/siemens/CourseOverviews/Internship/NITW_CoEDMA_winter%20internship_18thNovember2024.pdf
What common browser extensions or settings might inadvertently block JavaScript functionality on the DMA internship application platform?,https://nitw.ac.in/siemens/CourseOverviews/Internship/NITW_CoEDMA_winter%20internship_18thNovember2024.pdf
What ongoing benefits or institutional support do passedout students receive from NIT Warangal according to this notice?,https://nitw.ac.in/api/static/files/Notice-CMD_2024-11-11-9-41-47.pdf
Are there any recent policy changes affecting alumni access to campus resources or alumni networks mentioned in this notice?,https://nitw.ac.in/api/static/files/Notice-CMD_2024-11-11-9-41-47.pdf
What specific steps should outgoing students take to comply with the directives outlined in this notice?,https://nitw.ac.in/api/static/files/Notice-CMD_2024-11-11-9-41-47.pdf
How can current alumni or former students access digital copies of the referenced cumulative notices and past circulars?,https://nitw.ac.in/api/static/files/Notice-CMD_2024-11-11-9-41-47.pdf
Are there designated contact points or departments within NIT Warangal for passedout students to follow up on administrative matters mentioned here?,https://nitw.ac.in/api/static/files/Notice-CMD_2024-11-11-9-41-47.pdf
"What are the criteria used by NIT Warangal to schedule different departments' written tests/interviews on specific dates (e.g., why does CSE have tests on 13th & 14th while Biotechnology has it only on 12th)?",https://nitw.ac.in/api/static/files/PhD_Admissions_Dec_24_2024-11-6-17-50-37.pdf
"What factors might explain the significant variation in the number of eligible candidates across departments (e.g., 75 Computer Science candidates vs. 3 Humanities candidates)?",https://nitw.ac.in/api/static/files/PhD_Admissions_Dec_24_2024-11-6-17-50-37.pdf
"How does the Institute accommodate candidates requiring an extra day beyond their scheduled test date, and what are the protocols for arranging stay in the guesthouse or nearby hotels?",https://nitw.ac.in/api/static/files/PhD_Admissions_Dec_24_2024-11-6-17-50-37.pdf
"What constitutes a valid verification of documents during the admission process, and what procedures are in place if a student forgets or fails to submit an original certificate?",https://nitw.ac.in/api/static/files/PhD_Admissions_Dec_24_2024-11-6-17-50-37.pdf
"Why is a NOC specifically required for part-time candidates (as opposed to full-time/self-financed applicants), and what consequences might arise if the NOC format is not strictly followed as per the Institute's guidelines?",https://nitw.ac.in/api/static/files/PhD_Admissions_Dec_24_2024-11-6-17-50-37.pdf
What are the key differences between the UG and PG fee components specified for the Even Semester 2024-25?,https://nitw.ac.in/api/static/files/fee-structure-ug-pg-2024-2025-even-sem_2024-11-8-15-8-41.pdf
"Does the hostel accommodation fee get included in the semester statement, or should it be paid separately through another portal?",https://nitw.ac.in/api/static/files/fee-structure-ug-pg-2024-2025-even-sem_2024-11-8-15-8-41.pdf
Are there any additional surcharges or service fees that first-time applicants might overlook in the fee structure?,https://nitw.ac.in/api/static/files/fee-structure-ug-pg-2024-2025-even-sem_2024-11-8-15-8-41.pdf
"What payment modes are available for the even semester, especially for international students or sponsored candidates?",https://nitw.ac.in/api/static/files/fee-structure-ug-pg-2024-2025-even-sem_2024-11-8-15-8-41.pdf
Can students apply for fee reimbursement through external funding agencies after depositing the fees initially?,https://nitw.ac.in/api/static/files/fee-structure-ug-pg-2024-2025-even-sem_2024-11-8-15-8-41.pdf
What specific documents are required to verify parental income and permanent domicile status in Odisha for this scholarship?,https://nitw.ac.in/api/static/files/GhanshamDas_Scholarship_RO_Notice_2024-10-22-11-22-51.pdf
Does the scholarship application process require endorsements from NIT Warangal administration or faculty advisors?,https://nitw.ac.in/api/static/files/GhanshamDas_Scholarship_RO_Notice_2024-10-22-11-22-51.pdf
"How is the 90% coverage calculated—for instance, on tuition alone or including hostel fees, travel, and other academic expenses?",https://nitw.ac.in/api/static/files/GhanshamDas_Scholarship_RO_Notice_2024-10-22-11-22-51.pdf
"Are there any additional obligations for recipients, such as mandatory internships, community service, or maintaining a specific academic GPA?",https://nitw.ac.in/api/static/files/GhanshamDas_Scholarship_RO_Notice_2024-10-22-11-22-51.pdf
"Can students from non-engineering/non-medical STEM fields (e.g., social sciences, humanities) apply for this scholarship?",https://nitw.ac.in/api/static/files/GhanshamDas_Scholarship_RO_Notice_2024-10-22-11-22-51.pdf
What specific criteria do EIL scholarships prioritize when selecting recipients beyond caste and income eligibility?,https://nitw.ac.in/api/static/files/EIL_SCHOLARSHIP_NOTICE_2024-9-25-12-56-15.pdf
Where can students obtain the required income certificate as mentioned in Annexure-I?,https://nitw.ac.in/api/static/files/EIL_SCHOLARSHIP_NOTICE_2024-9-25-12-56-15.pdf
Is there a possibility of extending the scholarship application deadline of 06.10.2024?,https://nitw.ac.in/api/static/files/EIL_SCHOLARSHIP_NOTICE_2024-9-25-12-56-15.pdf
"What documents, apart from the ones listed, might be requested during the verification process?",https://nitw.ac.in/api/static/files/EIL_SCHOLARSHIP_NOTICE_2024-9-25-12-56-15.pdf
Are undergraduate students with a Diploma in Engineering (instead of 10+2) eligible to apply for this scholarship?,https://nitw.ac.in/api/static/files/EIL_SCHOLARSHIP_NOTICE_2024-9-25-12-56-15.pdf
